Product_ID,Category,Unit_Cost,Annual_Demand,Order_Cost,Holding_Cost_Pct,Lead_Time_Days,Lead_Time_Variance,Stock_Level,Daily_Demand,Carrying_Cost
PROD_000,Accessories,17.499224742288526,4922,50,0.15,8,2.3272298094420085,435,13.484931506849316,2.6248837113432786
PROD_001,Electronics,467.38379095894663,2259,50,0.15,8,3.4955893397542663,824,6.189041095890411,70.10756864384199
PROD_002,Accessories,255.509543118477,9681,50,0.15,14,3.0088078484018856,897,26.523287671232875,38.32643146777155
PROD_003,Accessories,274.29494971603066,2982,50,0.15,6,1.2097948171283024,436,8.169863013698631,41.144242457404594
PROD_004,Electronics,345.14224700508913,8558,50,0.15,3,2.9205046714844984,926,23.446575342465753,51.77133705076337
PROD_005,Electronics,311.76707055105777,1451,50,0.15,12,1.8134423095005543,308,3.9753424657534246,46.76506058265866
PROD_006,Accessories,472.506886234771,9414,50,0.15,10,2.778435974960268,332,25.791780821917808,70.87603293521565
PROD_007,Appliances,472.683282591332,2579,50,0.15,4,3.040395793310354,1699,7.065753424657534,70.9024923886998
PROD_008,Accessories,434.92747744195185,3217,50,0.15,14,1.6924875674620363,1948,8.813698630136987,65.23912161629278
PROD_009,Accessories,321.8377627485455,5024,50,0.15,3,2.370575934641106,89,13.764383561643836,48.27566441228183
PROD_010,Accessories,402.4651543943759,8977,50,0.15,4,1.5709745884572035,535,24.594520547945205,60.36977315915638
PROD_011,Accessories,341.812487767661,7811,50,0.15,3,1.1570166273595248,978,21.4,51.27187316514915
PROD_012,Electronics,290.9498504192473,7686,50,0.15,3,2.135429270457607,269,21.057534246575344,43.642477562887095
PROD_013,Accessories,72.965173084616,2565,50,0.15,11,2.088832815537976,1202,7.027397260273973,10.944775962692399
PROD_014,Appliances,407.49004660064145,1268,50,0.15,3,3.9864414721127712,1064,3.473972602739726,61.12350699009622
PROD_015,Electronics,412.1133431145381,5990,50,0.15,6,2.3390570535929265,1073,16.410958904109588,61.81700146718072
PROD_016,Appliances,316.7104383497707,7145,50,0.15,12,2.0007086484166012,1593,19.575342465753426,47.506565752465605
PROD_017,Appliances,412.00915344792134,5583,50,0.15,8,2.741425020150024,662,15.295890410958904,61.8013730171882
PROD_018,Appliances,329.2275382103161,5732,50,0.15,9,1.2663021823233054,977,15.704109589041096,49.38413073154741
PROD_019,Appliances,111.27533633960523,6297,50,0.15,4,3.8849972078644397,1965,17.252054794520546,16.691300450940783
PROD_020,Electronics,144.24095238735555,9638,50,0.15,8,2.9048801367730994,737,26.405479452054795,21.63614285810333
PROD_021,Electronics,115.14866865710333,5426,50,0.15,9,3.264513459822543,1692,14.865753424657534,17.272300298565497
PROD_022,Appliances,194.85695078170818,6516,50,0.15,12,1.5114338145217525,662,17.852054794520548,29.228542617256224
PROD_023,Appliances,29.091934832014477,3835,50,0.15,12,2.2284335590156115,309,10.506849315068493,4.363790224802171
PROD_024,Electronics,312.9444033255675,8538,50,0.15,4,2.2680673401885687,1039,23.39178082191781,46.94166049883513
PROD_025,Electronics,174.91156529547598,5373,50,0.15,4,3.46541933170326,1015,14.72054794520548,26.236734794321396
PROD_026,Electronics,331.30409133656366,1981,50,0.15,12,1.0037100392782283,415,5.427397260273972,49.69561370048455
PROD_027,Accessories,198.84434427312686,6805,50,0.15,9,1.9025593250597652,1831,18.643835616438356,29.82665164096903
PROD_028,Accessories,343.99069779666695,3951,50,0.15,14,3.9437091230329115,1860,10.824657534246576,51.59860466950004
PROD_029,Accessories,176.9060390374776,554,50,0.15,3,2.424659630518656,593,1.5178082191780822,26.53590585562164
PROD_030,Appliances,137.74031883559252,8143,50,0.15,10,2.1475788407320247,698,22.30958904109589,20.661047825338876
PROD_031,Accessories,253.05835260376904,3962,50,0.15,13,1.3594870060529392,1597,10.854794520547944,37.95875289056536
PROD_032,Appliances,349.5162757590503,1332,50,0.15,5,3.922493885884047,1980,3.649315068493151,52.42744136385755
PROD_033,Appliances,180.6849361820667,6454,50,0.15,13,1.0600790677774734,863,17.682191780821917,27.102740427310007
PROD_034,Accessories,468.9575944092966,9019,50,0.15,8,3.2115406750217295,1960,24.70958904109589,70.34363916139448
PROD_035,Appliances,29.201300071066665,7721,50,0.15,11,3.3057994143655254,1089,21.153424657534245,4.38019501066
PROD_036,Accessories,214.7935555406336,3810,50,0.15,8,1.7309701481916,1202,10.438356164383562,32.21903333109504
PROD_037,Accessories,484.1144702449213,3800,50,0.15,11,3.014675330839112,624,10.41095890410959,72.61717053673819
PROD_038,Electronics,278.5062227915628,7222,50,0.15,9,1.2787874331381697,1182,19.786301369863015,41.77593341873442
PROD_039,Accessories,217.5007617309781,7718,50,0.15,11,1.7711417992962395,1960,21.145205479452056,32.625114259646715
PROD_040,Electronics,288.57493903747957,8276,50,0.15,4,3.363705964876795,1062,22.673972602739727,43.286240855621934
PROD_041,Accessories,292.20304187646144,4175,50,0.15,14,3.594058576100621,1606,11.438356164383562,43.83045628146922
PROD_042,Accessories,368.5074000968237,3554,50,0.15,10,2.825459237979374,719,9.736986301369862,55.27611001452355
PROD_043,Electronics,72.56796741700813,8470,50,0.15,10,2.520515295461448,318,23.205479452054796,10.88519511255122
PROD_044,Electronics,132.50806011589128,2643,50,0.15,4,1.4779120618569408,1235,7.241095890410959,19.87620901738369
PROD_045,Accessories,294.4665660485158,5707,50,0.15,14,1.1893270992374505,1333,15.635616438356164,44.16998490727737
PROD_046,Appliances,434.8871375327638,3038,50,0.15,6,1.3529470854206758,973,8.323287671232876,65.23307062991456
PROD_047,Electronics,285.3146791504491,5047,50,0.15,13,1.6820719002882965,1175,13.827397260273973,42.79720187256736
PROD_048,Appliances,126.91246129726669,6119,50,0.15,9,2.0250235056907626,1579,16.764383561643836,19.036869194590004
PROD_049,Appliances,343.12394215112045,8856,50,0.15,13,2.142728576532962,1808,24.263013698630136,51.46859132266807
PROD_050,Appliances,372.5552926192135,7112,50,0.15,6,2.0389653057670105,1644,19.484931506849314,55.88329389288202
PROD_051,Electronics,126.73571467794993,5505,50,0.15,6,1.7171659965917967,296,15.082191780821917,19.01035720169249
PROD_052,Appliances,195.08715422638448,1322,50,0.15,8,2.5291727402550945,1713,3.621917808219178,29.263073133957672
PROD_053,Electronics,271.82046202997606,1443,50,0.15,12,3.4758583246986907,1868,3.9534246575342467,40.77306930449641
PROD_054,Appliances,253.31498343470807,6650,50,0.15,8,1.8391106154144377,1910,18.21917808219178,37.99724751520621
PROD_055,Accessories,200.9128622474097,4925,50,0.15,12,3.827161057306699,1610,13.493150684931507,30.136929337111454
PROD_056,Accessories,155.84123550956232,9466,50,0.15,5,3.6200099851715435,180,25.934246575342467,23.37618532643435
PROD_057,Electronics,58.99259470931305,2698,50,0.15,11,1.4852926340563288,402,7.391780821917808,8.848889206396958
PROD_058,Accessories,36.207795406210764,4742,50,0.15,14,3.3588278702712833,245,12.991780821917809,5.431169310931614
PROD_059,Accessories,479.6853334727672,4195,50,0.15,12,2.7237621469533,1866,11.493150684931507,71.95280002091508
PROD_060,Appliances,425.100140606839,3952,50,0.15,13,2.699726086514256,1989,10.827397260273973,63.765021091025844
PROD_061,Electronics,183.90354332673311,9606,50,0.15,4,2.173128289174523,979,26.317808219178083,27.585531499009967
PROD_062,Appliances,478.83243371196363,1808,50,0.15,8,2.503458997546029,1739,4.953424657534247,71.82486505679454
PROD_063,Appliances,341.6172531679086,4677,50,0.15,14,2.191536332287633,1455,12.813698630136987,51.24258797518629
PROD_064,Appliances,246.4352653248948,9205,50,0.15,9,2.6191978562798286,1071,25.21917808219178,36.96528979873422
PROD_065,Appliances,251.58257230818444,7352,50,0.15,14,2.8838501583179075,694,20.14246575342466,37.73738584622767
PROD_066,Appliances,50.80936148567723,6535,50,0.15,11,3.022911419227145,276,17.904109589041095,7.621404222851584
PROD_067,Appliances,54.93503215665573,4094,50,0.15,5,2.5974435776782787,750,11.216438356164383,8.24025482349836
PROD_068,Appliances,305.1960536915483,5341,50,0.15,12,3.1642662019861953,1549,14.632876712328768,45.77940805373224
PROD_069,Electronics,281.3144956494424,1909,50,0.15,5,1.4238341478265175,1550,5.23013698630137,42.19717434741636
PROD_070,Accessories,114.2366685618722,5066,50,0.15,9,1.6359474727067156,314,13.87945205479452,17.135500284280827
PROD_071,Appliances,473.6353260120282,4991,50,0.15,6,3.4562050122228105,1445,13.673972602739726,71.04529890180423
PROD_072,Appliances,392.83506473088926,2055,50,0.15,10,1.9675839335392455,1559,5.63013698630137,58.92525970963339
PROD_073,Appliances,65.59765498854952,1304,50,0.15,9,1.0686814749283609,1507,3.5726027397260274,9.839648248282428
PROD_074,Appliances,466.1552617867734,1779,50,0.15,7,1.4613734490040933,695,4.873972602739726,69.923289268016
PROD_075,Appliances,487.381622181861,7583,50,0.15,9,1.6708433034889336,260,20.775342465753425,73.10724332727915
PROD_076,Appliances,498.00630859486125,6486,50,0.15,5,3.8719686636837616,1645,17.76986301369863,74.70094628922918
PROD_077,Accessories,37.37686579190152,6119,50,0.15,14,2.719124286792548,1450,16.764383561643836,5.606529868785228
PROD_078,Accessories,371.1474228275943,1887,50,0.15,4,3.7981922214287644,1468,5.16986301369863,55.67211342413915
PROD_079,Appliances,277.49872738084457,3179,50,0.15,8,2.7254900514898748,1523,8.70958904109589,41.62480910712669
PROD_080,Accessories,355.8574271005603,2606,50,0.15,4,2.4380633204135553,992,7.13972602739726,53.378614065084044
PROD_081,Electronics,484.6394525473261,8673,50,0.15,5,1.9411830735822881,1437,23.76164383561644,72.69591788209891
PROD_082,Appliances,347.13470498576913,4723,50,0.15,8,2.8191128333001267,1949,12.93972602739726,52.070205747865366
PROD_083,Electronics,420.11229837631316,5331,50,0.15,7,1.4175940738525896,506,14.605479452054794,63.01684475644697
PROD_084,Electronics,434.76566560231225,3268,50,0.15,10,3.694784881878118,774,8.953424657534246,65.21484984034683
PROD_085,Appliances,420.8555742443527,3686,50,0.15,11,3.487997215423851,1801,10.098630136986301,63.1283361366529
PROD_086,Accessories,218.78482277300114,3073,50,0.15,13,1.9525943436302111,1299,8.419178082191781,32.81772341595017
PROD_087,Electronics,119.06244460980496,3099,50,0.15,5,3.8583925828038828,1031,8.490410958904109,17.859366691470743
PROD_088,Appliances,204.3592849575834,4533,50,0.15,14,3.4756023022467044,1204,12.419178082191781,30.65389274363751
PROD_089,Electronics,447.02948530062054,8928,50,0.15,12,2.9989206575051193,637,24.46027397260274,67.05442279509307
PROD_090,Electronics,81.83636262909249,1804,50,0.15,5,1.3652857333758244,525,4.942465753424657,12.275454394363873
PROD_091,Electronics,261.52982265927255,7868,50,0.15,5,2.4347020691442167,1871,21.556164383561644,39.22947339889088
PROD_092,Electronics,124.28175548801863,6377,50,0.15,8,2.5183226645402526,1035,17.471232876712328,18.642263323202794
PROD_093,Accessories,294.83965444112334,1801,50,0.15,3,1.6976540750961404,1350,4.934246575342466,44.2259481661685
PROD_094,Electronics,432.9378757746119,3041,50,0.15,9,1.2398961830779058,205,8.331506849315069,64.94068136619178
PROD_095,Electronics,441.3763846328242,2551,50,0.15,14,3.330170891415078,1833,6.989041095890411,66.20645769492363
PROD_096,Electronics,125.97574490421859,7309,50,0.15,3,1.3661051563731852,1291,20.024657534246575,18.896361735632787
PROD_097,Accessories,454.7699161107877,9133,50,0.15,7,2.7828722516853244,239,25.02191780821918,68.21548741661815
PROD_098,Electronics,300.02548202242934,9496,50,0.15,12,3.809347521650982,1490,26.016438356164382,45.0038223033644
PROD_099,Electronics,181.60694088315364,574,50,0.15,10,3.628315577794128,1030,1.5726027397260274,27.241041132473047
PROD_100,Accessories,357.0087858357679,7481,50,0.15,6,1.8332578712477834,1748,20.495890410958904,53.551317875365186
PROD_101,Accessories,246.0168241024165,5975,50,0.15,7,3.5543459126537957,1765,16.36986301369863,36.902523615362476
PROD_102,Accessories,195.2139191599047,8732,50,0.15,6,1.0009975183614683,595,23.923287671232877,29.282087873985702
PROD_103,Electronics,355.49133850536333,7684,50,0.15,14,1.0530634288397716,90,21.052054794520547,53.3237007758045
PROD_104,Accessories,131.8748356708411,6296,50,0.15,14,2.807659491528595,356,17.24931506849315,19.781225350626162
PROD_105,Accessories,171.8237392193583,7641,50,0.15,6,2.0943946574335883,992,20.934246575342467,25.77356088290374
PROD_106,Electronics,222.88140379925295,2122,50,0.15,14,2.1593825234774413,387,5.813698630136987,33.43221056988794
PROD_107,Accessories,134.304265197838,8541,50,0.15,10,2.6933232720366473,1387,23.4,20.145639779675697
PROD_108,Electronics,208.54902252289438,841,50,0.15,4,1.5753473667755817,1148,2.304109589041096,31.282353378434156
PROD_109,Appliances,290.0217823504552,2574,50,0.15,3,1.635266051996435,1002,7.052054794520548,43.50326735256828
PROD_110,Accessories,373.0771918462275,8492,50,0.15,5,2.453804761056594,328,23.265753424657536,55.961578776934125
PROD_111,Appliances,385.9254780232001,1145,50,0.15,11,3.262760633031589,1249,3.136986301369863,57.88882170348002
PROD_112,Electronics,413.16727241957966,4763,50,0.15,6,2.858493254222763,945,13.04931506849315,61.975090862936945
PROD_113,Accessories,374.663711902216,9301,50,0.15,12,1.8920651447105166,1735,25.482191780821918,56.1995567853324
PROD_114,Electronics,343.7093192774854,6636,50,0.15,7,2.2910115325267637,322,18.18082191780822,51.55639789162281
PROD_115,Appliances,126.37817093331027,9146,50,0.15,4,1.5119942756499953,886,25.057534246575344,18.95672563999654
PROD_116,Electronics,206.10921750729216,3469,50,0.15,6,1.2238894430112452,669,9.504109589041096,30.91638262609382
PROD_117,Accessories,244.08029653131155,3528,50,0.15,4,3.348088122232448,1724,9.665753424657535,36.61204447969673
PROD_118,Accessories,50.61674762974357,8143,50,0.15,4,1.7961622275645839,911,22.30958904109589,7.592512144461535
PROD_119,Appliances,268.9013594356325,3181,50,0.15,6,1.5332991635537447,1856,8.715068493150685,40.33520391534488
PROD_120,Electronics,223.80455748721243,4129,50,0.15,8,3.074854166707958,1932,11.312328767123288,33.57068362308186
PROD_121,Accessories,403.0335320230997,4725,50,0.15,9,2.854155022861558,980,12.945205479452055,60.45502980346495
PROD_122,Appliances,489.1713276895927,3567,50,0.15,12,2.8995688780403923,338,9.772602739726027,73.3756991534389
PROD_123,Accessories,282.44246893486644,6441,50,0.15,5,1.6866838145398408,773,17.646575342465752,42.36637034022996
PROD_124,Accessories,168.116330256016,1886,50,0.15,5,1.697936615688043,942,5.167123287671233,25.2174495384024
PROD_125,Electronics,31.266383816104653,3366,50,0.15,12,1.6624078893569174,321,9.221917808219178,4.689957572415698
PROD_126,Accessories,463.07523180956207,5288,50,0.15,8,1.5212577869868835,1139,14.487671232876712,69.46128477143431
PROD_127,Electronics,460.3667004865431,5990,50,0.15,14,2.967171017684969,532,16.410958904109588,69.05500507298146
PROD_128,Accessories,133.96518231472817,4624,50,0.15,5,3.544047655748204,985,12.668493150684931,20.094777347209224
PROD_129,Appliances,350.7514503222573,8840,50,0.15,4,3.1729524090299837,297,24.21917808219178,52.612717548338594
PROD_130,Accessories,46.96292807398694,4350,50,0.15,10,3.3762809012816297,205,11.917808219178083,7.04443921109804
PROD_131,Electronics,91.44556163553393,5915,50,0.15,7,2.2143952872555994,1120,16.205479452054796,13.716834245330089
PROD_132,Electronics,116.2364622273807,8179,50,0.15,3,2.9622273861159942,503,22.40821917808219,17.435469334107104
PROD_133,Appliances,154.30203395132062,7319,50,0.15,5,2.0627087213343236,250,20.052054794520547,23.14530509269809
PROD_134,Accessories,497.95737376439166,9828,50,0.15,12,2.57651386590592,1733,26.926027397260274,74.69360606465875
PROD_135,Accessories,351.4932773732693,8878,50,0.15,10,2.444904539604587,173,24.323287671232876,52.72399160599039
PROD_136,Appliances,198.25889737581775,9942,50,0.15,6,1.530661435431563,50,27.23835616438356,29.738834606372663
PROD_137,Accessories,371.17934586307945,1833,50,0.15,9,2.1612362810068926,1017,5.021917808219178,55.676901879461916
PROD_138,Accessories,458.4746274178621,4650,50,0.15,12,3.891466826447053,1832,12.73972602739726,68.77119411267931
PROD_139,Electronics,479.76417962984465,7266,50,0.15,14,1.7457407731448262,904,19.90684931506849,71.96462694447669
PROD_140,Accessories,38.353309901276624,3211,50,0.15,4,1.401411208838466,689,8.797260273972602,5.752996485191494
PROD_141,Accessories,203.31568131798363,5353,50,0.15,9,2.2557418648718057,240,14.665753424657535,30.497352197697545
PROD_142,Appliances,62.31047230858335,6712,50,0.15,7,3.3710132075804444,1652,18.389041095890413,9.346570846287502
PROD_143,Appliances,174.47343175051196,7979,50,0.15,7,2.746444689339917,565,21.86027397260274,26.171014762576792
PROD_144,Electronics,93.1431529088271,5908,50,0.15,8,3.0429244817147336,491,16.186301369863013,13.971472936324066
PROD_145,Accessories,326.9556972176747,8215,50,0.15,11,1.5690845445240316,1994,22.506849315068493,49.043354582651205
PROD_146,Accessories,200.25150815503736,9442,50,0.15,8,2.8568445790231647,1888,25.86849315068493,30.037726223255603
PROD_147,Accessories,122.40342539542533,2262,50,0.15,14,1.9705011847344212,1879,6.197260273972603,18.360513809313797
PROD_148,Electronics,140.30958323247708,7601,50,0.15,10,3.5029100978643024,192,20.824657534246576,21.04643748487156
PROD_149,Electronics,186.56909665058146,8174,50,0.15,9,2.8878964180322084,1264,22.394520547945206,27.985364497587216
PROD_150,Appliances,137.37543279858872,6622,50,0.15,11,1.5965688333258878,582,18.14246575342466,20.606314919788307
PROD_151,Electronics,232.0880149461272,981,50,0.15,6,1.1938500395322584,276,2.6876712328767125,34.81320224191908
PROD_152,Accessories,25.83481604372873,653,50,0.15,4,1.1278996278610982,1386,1.789041095890411,3.8752224065593093
PROD_153,Accessories,147.0841185127834,8117,50,0.15,9,2.114225702950422,1702,22.23835616438356,22.06261777691751
PROD_154,Electronics,211.49129322737124,2024,50,0.15,8,1.7975534099629404,998,5.545205479452055,31.723693984105687
PROD_155,Accessories,305.36312219141627,2620,50,0.15,3,2.9382703703875244,1375,7.178082191780822,45.80446832871244
PROD_156,Accessories,142.76924483241365,2843,50,0.15,13,2.498001504935855,1727,7.789041095890411,21.415386724862046
PROD_157,Electronics,75.26071135963736,5636,50,0.15,11,1.7980578340161422,509,15.441095890410958,11.289106703945603
PROD_158,Electronics,47.33818600358994,6260,50,0.15,11,1.4477133338505284,1474,17.15068493150685,7.100727900538491
PROD_159,Accessories,470.86059529633786,1740,50,0.15,14,1.3815992880623487,600,4.767123287671233,70.62908929445068
PROD_160,Accessories,214.15313829185482,560,50,0.15,4,3.593981176421253,442,1.5342465753424657,32.12297074377822
PROD_161,Accessories,294.7696843786049,9630,50,0.15,5,1.7304339052146016,1940,26.383561643835616,44.21545265679073
PROD_162,Appliances,460.3965103994242,2139,50,0.15,7,2.955131943732905,1837,5.86027397260274,69.05947655991362
PROD_163,Appliances,50.54672581730001,6685,50,0.15,7,3.4320577839587987,894,18.315068493150687,7.582008872595001
PROD_164,Appliances,439.56412810363844,8470,50,0.15,3,2.842243933554208,1280,23.205479452054796,65.93461921554577
PROD_165,Electronics,280.2780575465943,1752,50,0.15,10,3.578695694940837,259,4.8,42.041708631989145
PROD_166,Appliances,90.76878795713047,4703,50,0.15,14,2.1771811645854235,1188,12.884931506849314,13.61531819356957
PROD_167,Electronics,211.51500712683085,8863,50,0.15,10,3.8686665719468447,1810,24.28219178082192,31.727251069024625
PROD_168,Electronics,391.0251190302605,4049,50,0.15,6,1.399435012534291,695,11.093150684931507,58.65376785453907
PROD_169,Appliances,245.3813401145138,4697,50,0.15,9,1.3064485889726143,1324,12.868493150684932,36.807201017177064
PROD_170,Appliances,492.7901648260971,7509,50,0.15,13,2.9760764386223304,268,20.572602739726026,73.91852472391456
PROD_171,Appliances,194.60209526959096,7167,50,0.15,12,3.8284934242397854,456,19.635616438356163,29.190314290438643
PROD_172,Accessories,377.2933669882753,2822,50,0.15,5,3.426650384908984,1516,7.7315068493150685,56.59400504824129
PROD_173,Appliances,202.56482999964098,4590,50,0.15,8,1.2292505783141543,1676,12.575342465753424,30.384724499946145
PROD_174,Accessories,416.29046814619204,7460,50,0.15,12,1.8381031418041491,1427,20.438356164383563,62.4435702219288
PROD_175,Electronics,288.84991989121636,3504,50,0.15,12,3.790956654513471,937,9.6,43.32748798368245
PROD_176,Accessories,41.12079649910066,5636,50,0.15,14,1.7591752984023536,607,15.441095890410958,6.168119474865099
PROD_177,Appliances,28.042715141635775,829,50,0.15,11,3.3435112713607578,599,2.271232876712329,4.206407271245366
PROD_178,Electronics,75.58753821231026,4140,50,0.15,3,3.4753965877861113,191,11.342465753424657,11.338130731846539
PROD_179,Electronics,16.69926276522867,8482,50,0.15,7,2.4863563103829454,661,23.23835616438356,2.5048894147843006
PROD_180,Electronics,46.92593957270653,4607,50,0.15,6,2.1590467295449463,550,12.621917808219179,7.03889093590598
PROD_181,Accessories,348.9400546127669,1841,50,0.15,10,2.350373297259279,889,5.043835616438356,52.34100819191504
PROD_182,Appliances,271.8296747644369,8907,50,0.15,13,1.6808940830960926,751,24.4027397260274,40.77445121466553
PROD_183,Electronics,377.4562672402862,838,50,0.15,14,3.6681727483865325,1620,2.2958904109589042,56.61844008604293
PROD_184,Electronics,457.451218606245,6395,50,0.15,3,2.351858970189274,1732,17.52054794520548,68.61768279093674
PROD_185,Electronics,296.72327083948124,3208,50,0.15,11,3.6473783213682993,1615,8.789041095890411,44.508490625922185
PROD_186,Accessories,365.7992135952056,2250,50,0.15,8,1.3170804397188223,1919,6.164383561643835,54.86988203928083
PROD_187,Accessories,380.96978900080336,6104,50,0.15,6,3.964825813000394,1580,16.723287671232878,57.1454683501205
PROD_188,Appliances,195.14676914513535,2921,50,0.15,14,2.329819262330855,645,8.002739726027396,29.2720153717703
PROD_189,Accessories,128.1315678415196,7619,50,0.15,11,1.1434924611823165,1954,20.873972602739727,19.21973517622794
PROD_190,Electronics,110.4722109681972,9401,50,0.15,13,1.1140655447123646,330,25.756164383561643,16.57083164522958
PROD_191,Appliances,133.20679536078126,5819,50,0.15,7,3.2386217724455157,473,15.942465753424658,19.981019304117186
PROD_192,Electronics,144.6185805426953,7109,50,0.15,7,2.9771066026110424,905,19.476712328767125,21.692787081404294
PROD_193,Electronics,111.54154801394766,5887,50,0.15,14,3.4063916743827622,319,16.12876712328767,16.731232202092148
PROD_194,Accessories,440.3281270648042,4493,50,0.15,7,1.3161026018584179,203,12.30958904109589,66.04921905972063
PROD_195,Appliances,380.92957476439204,9180,50,0.15,3,1.106712601106645,663,25.15068493150685,57.13943621465881
PROD_196,Accessories,32.97926921769776,8544,50,0.15,3,2.5257378683427354,1800,23.40821917808219,4.946890382654664
PROD_197,Accessories,141.6495161924006,8738,50,0.15,10,2.1627856944483086,711,23.93972602739726,21.24742742886009
PROD_198,Appliances,20.870523594847796,5373,50,0.15,14,2.3858408100128674,132,14.72054794520548,3.1305785392271694
PROD_199,Electronics,254.10094145648753,5306,50,0.15,10,3.974765226610822,1695,14.536986301369863,38.11514121847313
PROD_200,Electronics,243.34324142661694,9092,50,0.15,14,3.9122498730120103,996,24.90958904109589,36.50148621399254
PROD_201,Appliances,417.3720301306256,6413,50,0.15,8,3.8269461690195783,948,17.56986301369863,62.60580451959384
PROD_202,Electronics,160.81084748781421,7624,50,0.15,14,3.3515280303030215,1499,20.887671232876713,24.121627123172132
PROD_203,Appliances,410.02901025440053,3657,50,0.15,13,2.064524080770671,1348,10.01917808219178,61.50435153816008
PROD_204,Appliances,484.3071450655133,890,50,0.15,6,2.2363927907883148,1786,2.4383561643835616,72.646071759827
PROD_205,Accessories,53.320029449166825,4930,50,0.15,4,2.6488481311567735,333,13.506849315068493,7.998004417375023
PROD_206,Appliances,397.9907413401201,9320,50,0.15,4,3.49160336921452,1029,25.534246575342465,59.69861120101801
PROD_207,Accessories,299.0783895974417,8186,50,0.15,11,1.2061384975548033,222,22.427397260273974,44.86175843961625
PROD_208,Electronics,245.22252383905283,4732,50,0.15,7,2.2728906576546644,1400,12.964383561643835,36.783378575857924
PROD_209,Electronics,216.0625315458868,8507,50,0.15,6,1.247852990377806,1791,23.306849315068494,32.40937973188302
PROD_210,Electronics,394.48744933271166,2021,50,0.15,12,2.5439727597205346,1136,5.536986301369863,59.173117399906744
PROD_211,Electronics,323.28706491737876,9518,50,0.15,3,3.696702472018706,1146,26.076712328767123,48.49305973760681
PROD_212,Accessories,404.4718870844873,2000,50,0.15,9,3.3474547736918137,812,5.47945205479452,60.670783062673095
PROD_213,Electronics,452.54401875154684,7237,50,0.15,5,1.68352725262933,1709,19.827397260273973,67.88160281273203
PROD_214,Appliances,312.4592189276731,3794,50,0.15,8,3.9279725487963773,1448,10.394520547945206,46.86888283915096
PROD_215,Appliances,490.42673529526513,5585,50,0.15,7,3.002051194139285,682,15.301369863013699,73.56401029428977
PROD_216,Appliances,307.96304627552377,2919,50,0.15,7,1.0312830981922092,1581,7.997260273972603,46.19445694132856
PROD_217,Accessories,321.95571759491844,9626,50,0.15,13,1.7662404540556587,836,26.372602739726027,48.29335763923776
PROD_218,Electronics,281.85964818569056,3542,50,0.15,7,1.7821398997597497,992,9.704109589041096,42.278947227853585
PROD_219,Electronics,54.59102461515184,4997,50,0.15,3,1.2077629188575798,1061,13.69041095890411,8.188653692272775
PROD_220,Electronics,365.93454599861184,1966,50,0.15,3,3.879479554227787,447,5.3863013698630136,54.89018189979178
PROD_221,Accessories,278.24869038056465,4061,50,0.15,5,2.4347658837277715,1193,11.126027397260273,41.737303557084694
PROD_222,Appliances,230.94611923389115,1114,50,0.15,14,3.687443792115646,983,3.052054794520548,34.64191788508367
PROD_223,Appliances,456.1309264176038,5892,50,0.15,12,1.966646510333885,1510,16.14246575342466,68.41963896264056
PROD_224,Electronics,156.00013125555574,8193,50,0.15,6,1.3757007112984814,1902,22.446575342465753,23.400019688333362
PROD_225,Appliances,266.5651152473555,9874,50,0.15,7,2.4230083297186416,725,27.052054794520547,39.984767287103324
PROD_226,Appliances,351.84451703179707,3723,50,0.15,4,1.3418699041429516,985,10.2,52.776677554769556
PROD_227,Accessories,400.27117008019985,7638,50,0.15,10,2.45804650893262,514,20.926027397260274,60.04067551202998
PROD_228,Accessories,235.0799358936245,3167,50,0.15,13,3.7608915436582233,335,8.676712328767124,35.26199038404368
PROD_229,Accessories,422.6247933591677,8480,50,0.15,13,2.562304425502638,314,23.232876712328768,63.393719003875155
PROD_230,Accessories,386.7696932445448,630,50,0.15,4,2.8494991806852505,369,1.726027397260274,58.01545398668171
PROD_231,Electronics,42.45562914741427,3483,50,0.15,11,1.469915310921425,722,9.542465753424658,6.368344372112141
PROD_232,Accessories,32.472020538270144,4778,50,0.15,4,1.1312068776399085,1449,13.09041095890411,4.870803080740521
PROD_233,Appliances,314.1947853668247,7626,50,0.15,11,1.3324238865394211,869,20.893150684931506,47.12921780502371
PROD_234,Electronics,180.23257003045296,8730,50,0.15,9,2.795594727053097,138,23.91780821917808,27.034885504567942
PROD_235,Appliances,112.47408762847195,8194,50,0.15,10,1.285035096976914,1727,22.44931506849315,16.87111314427079
PROD_236,Appliances,294.0284678911518,7140,50,0.15,13,2.1279786698239342,1276,19.561643835616437,44.104270183672774
PROD_237,Appliances,177.36597312370708,5968,50,0.15,4,2.650275821374468,870,16.350684931506848,26.60489596855606
PROD_238,Accessories,273.25907418989436,1420,50,0.15,9,2.165958395889541,1812,3.8904109589041096,40.98886112848415
PROD_239,Accessories,235.4583879019503,8064,50,0.15,14,1.4910514043959044,1050,22.09315068493151,35.318758185292545
PROD_240,Electronics,296.5353919150853,9184,50,0.15,8,1.8213739225423196,383,25.161643835616438,44.48030878726279
PROD_241,Electronics,206.14723956603785,9823,50,0.15,6,3.784952598545731,271,26.912328767123288,30.922085934905677
PROD_242,Accessories,351.8571111114966,9002,50,0.15,9,3.027946826759066,90,24.663013698630138,52.77856666672449
PROD_243,Appliances,98.23296345115628,9430,50,0.15,6,2.48814351603966,1781,25.835616438356166,14.73494451767344
PROD_244,Electronics,351.2857184512687,3741,50,0.15,4,1.0381446699606807,117,10.24931506849315,52.6928577676903
PROD_245,Accessories,211.7139950351888,1045,50,0.15,12,3.9772462014684105,1037,2.863013698630137,31.757099255278316
PROD_246,Accessories,438.4156263786644,4846,50,0.15,14,3.0143648046839298,1849,13.276712328767124,65.76234395679965
PROD_247,Accessories,262.4656668834633,4310,50,0.15,9,1.950767432034835,563,11.808219178082192,39.369850032519494
PROD_248,Appliances,486.8240711423511,7706,50,0.15,10,3.6378059799935145,1946,21.112328767123287,73.02361067135266
PROD_249,Accessories,304.9483438150705,9505,50,0.15,4,1.7752948608754542,1710,26.041095890410958,45.74225157226057
PROD_250,Accessories,119.68604229409709,2532,50,0.15,7,2.6320497375482548,1695,6.936986301369863,17.952906344114563
PROD_251,Accessories,412.67741205378013,8936,50,0.15,3,2.908212291189475,1671,24.482191780821918,61.90161180806702
PROD_252,Accessories,179.0904876329695,771,50,0.15,9,1.6631901143611854,1705,2.1123287671232878,26.863573144945427
PROD_253,Electronics,180.33341509651493,4011,50,0.15,10,3.9351918364017875,1200,10.98904109589041,27.05001226447724
PROD_254,Electronics,25.584293927730915,2271,50,0.15,8,3.2445757179369927,1328,6.221917808219178,3.837644089159637
PROD_255,Accessories,278.8705015116302,9954,50,0.15,7,2.67343967653321,744,27.27123287671233,41.83057522674453
PROD_256,Appliances,271.8675168289363,4861,50,0.15,8,1.5417837945259025,1089,13.317808219178081,40.78012752434044
PROD_257,Electronics,184.4358272932732,7569,50,0.15,4,1.1615746209940783,526,20.736986301369864,27.66537409399098
PROD_258,Accessories,448.1664588190036,1420,50,0.15,3,1.9601794975629505,1135,3.8904109589041096,67.22496882285054
PROD_259,Electronics,73.08671516682551,8690,50,0.15,9,3.2595620077402083,930,23.80821917808219,10.963007275023827
PROD_260,Electronics,171.74876152197615,3930,50,0.15,9,1.8079938949060752,481,10.767123287671232,25.76231422829642
PROD_261,Appliances,167.5755546932142,4935,50,0.15,12,2.6186686614865153,1743,13.520547945205479,25.13633320398213
PROD_262,Accessories,55.22238725208558,4260,50,0.15,13,3.1838415301922294,317,11.67123287671233,8.283358087812838
PROD_263,Accessories,245.76124308758367,2550,50,0.15,12,1.323831143939393,1108,6.986301369863014,36.86418646313755
PROD_264,Appliances,347.0145113770807,1665,50,0.15,4,3.05589404834762,828,4.561643835616438,52.0521767065621
PROD_265,Appliances,260.711936638158,9067,50,0.15,4,1.275612663130134,1649,24.84109589041096,39.1067904957237
PROD_266,Accessories,86.91906453093492,2533,50,0.15,3,3.8953892263809897,543,6.93972602739726,13.037859679640237
PROD_267,Accessories,194.87012296861556,6967,50,0.15,12,2.4651823901948187,1635,19.087671232876712,29.230518445292333
PROD_268,Appliances,11.271561947986815,645,50,0.15,10,1.4520283231296323,1542,1.7671232876712328,1.6907342921980222
PROD_269,Electronics,435.46754244743755,4888,50,0.15,10,2.0271509081006394,1840,13.391780821917807,65.32013136711564
PROD_270,Electronics,51.41333376353415,8332,50,0.15,3,2.2402493478857846,710,22.827397260273973,7.712000064530121
PROD_271,Appliances,302.66626030516096,9123,50,0.15,14,3.2745550332296123,1398,24.994520547945207,45.39993904577414
PROD_272,Electronics,493.26592797473944,9396,50,0.15,13,3.230271358229828,1377,25.742465753424657,73.98988919621091
PROD_273,Appliances,272.92941653379296,8673,50,0.15,10,2.8358215160119933,1349,23.76164383561644,40.939412480068945
PROD_274,Electronics,462.7804619626422,3132,50,0.15,11,1.3177921376754789,1942,8.580821917808219,69.41706929439633
PROD_275,Electronics,125.69710122752812,4994,50,0.15,6,1.4547081147630208,1757,13.682191780821919,18.854565184129218
PROD_276,Accessories,382.378150379417,8556,50,0.15,3,1.2812707619366699,1062,23.44109589041096,57.356722556912544
PROD_277,Accessories,270.32021944703166,8011,50,0.15,3,2.7315183498626503,1274,21.947945205479453,40.54803291705475
PROD_278,Electronics,363.0528700818178,9655,50,0.15,5,3.631415324534212,1518,26.45205479452055,54.45793051227267
PROD_279,Electronics,40.54726763050831,2328,50,0.15,7,2.3014015367643155,1978,6.3780821917808215,6.082090144576246
PROD_280,Accessories,82.39215503405109,9630,50,0.15,7,1.4825445218732387,1397,26.383561643835616,12.358823255107662
PROD_281,Accessories,75.22729500786434,5305,50,0.15,11,2.6741269754469013,1108,14.534246575342467,11.284094251179651
PROD_282,Accessories,346.71109764763224,1306,50,0.15,12,3.43525665059713,1026,3.578082191780822,52.00666464714484
PROD_283,Appliances,423.7759295904781,7986,50,0.15,14,3.22513618453879,531,21.87945205479452,63.56638943857171
PROD_284,Electronics,377.3119536842078,8702,50,0.15,4,3.644352339025064,777,23.84109589041096,56.59679305263117
PROD_285,Accessories,24.931354839461136,2368,50,0.15,4,1.8337062917466036,529,6.487671232876712,3.73970322591917
PROD_286,Electronics,434.9353407266144,8378,50,0.15,8,1.5818616018033245,1138,22.953424657534246,65.24030110899216
PROD_287,Appliances,183.53186868863148,6190,50,0.15,11,3.6394494578258163,1081,16.958904109589042,27.52978030329472
PROD_288,Appliances,204.61027792700042,8327,50,0.15,3,2.972680938334069,1374,22.813698630136987,30.691541689050062
PROD_289,Accessories,61.38589160091564,5929,50,0.15,11,1.9327867900226625,392,16.243835616438357,9.207883740137346
PROD_290,Appliances,371.32855098597133,9576,50,0.15,11,3.2270441517175277,1504,26.235616438356164,55.6992826478957
PROD_291,Electronics,99.31910045321945,4064,50,0.15,11,3.4453551534411035,1497,11.134246575342466,14.897865067982917
PROD_292,Accessories,286.34289508922984,1889,50,0.15,7,2.844934721023397,381,5.175342465753425,42.95143426338448
PROD_293,Electronics,421.94789308018625,7774,50,0.15,11,3.063652329639745,487,21.2986301369863,63.292183962027934
PROD_294,Electronics,53.71012106890753,1324,50,0.15,13,2.125779713327999,1661,3.627397260273973,8.056518160336129
PROD_295,Appliances,272.31442636760653,2765,50,0.15,6,2.616087002029117,223,7.575342465753424,40.84716395514098
PROD_296,Appliances,124.2760416594026,1436,50,0.15,4,2.572477512178487,608,3.9342465753424656,18.64140624891039
PROD_297,Appliances,178.03416349634753,6902,50,0.15,8,3.5441433733923158,576,18.90958904109589,26.705124524452128
PROD_298,Appliances,242.24527130097252,4345,50,0.15,6,3.5198919408465477,1946,11.904109589041095,36.33679069514588
PROD_299,Appliances,184.00110860685933,2296,50,0.15,8,3.4980414080411295,708,6.2904109589041095,27.6001662910289
PROD_300,Accessories,327.92319174287223,8745,50,0.15,5,1.0330948427873974,75,23.958904109589042,49.18847876143084
PROD_301,Electronics,244.9952298595826,7714,50,0.15,8,3.2486364534066645,869,21.134246575342466,36.74928447893739
PROD_302,Electronics,296.25774750994293,1226,50,0.15,4,3.2760291703330147,654,3.3589041095890413,44.43866212649144
PROD_303,Electronics,371.0430129435073,3236,50,0.15,4,3.0351364685654256,455,8.865753424657534,55.65645194152609
PROD_304,Electronics,283.29371031571435,2413,50,0.15,11,3.2687939736743576,281,6.610958904109589,42.494056547357154
PROD_305,Appliances,297.4023629837719,8157,50,0.15,9,3.525911114490126,582,22.34794520547945,44.61035444756579
PROD_306,Electronics,286.5846858360942,2966,50,0.15,5,2.410957162305357,1892,8.126027397260273,42.98770287541413
PROD_307,Accessories,195.5985867161318,9541,50,0.15,13,2.5061506404653415,1623,26.13972602739726,29.339788007419767
PROD_308,Accessories,175.34894859723985,7812,50,0.15,3,1.3741421707341714,1861,21.4027397260274,26.302342289585976
PROD_309,Electronics,450.827224601056,8694,50,0.15,10,2.1561276491420855,554,23.81917808219178,67.6240836901584
PROD_310,Electronics,307.7020589238507,8406,50,0.15,8,2.930095539735353,1742,23.03013698630137,46.155308838577604
PROD_311,Accessories,129.7330461776807,5376,50,0.15,9,3.3411993284418235,228,14.728767123287671,19.459956926652104
PROD_312,Accessories,254.1413719459807,7787,50,0.15,11,1.6516272930736315,181,21.334246575342465,38.121205791897104
PROD_313,Appliances,171.87075582764786,1392,50,0.15,7,1.4134686974777062,1896,3.813698630136986,25.780613374147176
PROD_314,Accessories,467.50899364233857,5175,50,0.15,3,2.9891260135014766,1528,14.178082191780822,70.12634904635078
PROD_315,Appliances,13.691837935696622,2433,50,0.15,14,1.0056396505747318,397,6.6657534246575345,2.053775690354493
PROD_316,Appliances,120.41307087913883,1880,50,0.15,12,1.5351177529219895,589,5.1506849315068495,18.061960631870825
PROD_317,Appliances,189.02484164028826,1790,50,0.15,9,1.0872141410318612,821,4.904109589041096,28.353726246043237
PROD_318,Appliances,249.0268023962816,2140,50,0.15,7,1.5006553535646128,1479,5.863013698630137,37.35402035944224
PROD_319,Appliances,426.90058373971164,7990,50,0.15,5,1.5439578397765157,125,21.89041095890411,64.03508756095674
PROD_320,Electronics,53.064936024670494,9679,50,0.15,14,2.1630207842511826,628,26.517808219178082,7.9597404037005735
PROD_321,Accessories,404.8737945031603,1718,50,0.15,11,2.206981374059668,903,4.706849315068493,60.73106917547404
PROD_322,Appliances,37.27020978491792,5516,50,0.15,3,3.6227874118307133,1565,15.112328767123287,5.590531467737687
PROD_323,Accessories,422.733877296109,7381,50,0.15,3,2.5303291374964756,243,20.221917808219178,63.41008159441634
PROD_324,Accessories,35.30138415851129,1454,50,0.15,3,3.1702142968368587,1235,3.9835616438356163,5.295207623776693
PROD_325,Appliances,18.938815899896912,9675,50,0.15,5,1.3124120737608624,396,26.506849315068493,2.840822384984537
PROD_326,Electronics,351.51111655954656,7791,50,0.15,14,1.6763162663910816,1000,21.345205479452055,52.72666748393198
PROD_327,Appliances,498.6552120365132,1474,50,0.15,8,3.10883032293603,1434,4.038356164383561,74.79828180547698
PROD_328,Electronics,449.3390288572702,4633,50,0.15,12,1.1584118814055842,1842,12.693150684931506,67.40085432859053
PROD_329,Accessories,292.2392247247734,5870,50,0.15,13,2.4597929867312596,1657,16.08219178082192,43.83588370871601
PROD_330,Electronics,459.52385041191053,4472,50,0.15,5,2.7981068969888017,1160,12.252054794520548,68.92857756178658
PROD_331,Electronics,12.597003134826654,5795,50,0.15,10,2.8064369321574434,1335,15.876712328767123,1.889550470223998
PROD_332,Electronics,487.78290984311985,9605,50,0.15,12,1.068798433804126,263,26.315068493150687,73.16743647646797
PROD_333,Accessories,250.4669018368044,8728,50,0.15,4,1.9663240126875565,1738,23.912328767123288,37.57003527552066
PROD_334,Accessories,364.2190873446701,3520,50,0.15,11,2.909471953147462,1795,9.643835616438356,54.63286310170051
PROD_335,Electronics,412.22212184514274,9487,50,0.15,5,1.4469992084477303,1986,25.991780821917807,61.83331827677141
PROD_336,Electronics,362.04406270991126,4536,50,0.15,7,3.08624694498416,622,12.427397260273972,54.306609406486686
PROD_337,Appliances,272.1679987020062,5568,50,0.15,12,3.2377756264410236,829,15.254794520547945,40.825199805300926
PROD_338,Electronics,243.54354722194188,5733,50,0.15,10,3.9459075713384357,311,15.706849315068494,36.53153208329128
PROD_339,Appliances,420.90545376428616,817,50,0.15,4,1.6295259845692283,779,2.2383561643835614,63.13581806464292
PROD_340,Electronics,110.48800447323497,2896,50,0.15,8,3.475392002998346,332,7.934246575342466,16.573200670985244
PROD_341,Appliances,484.3170925870748,2662,50,0.15,14,2.560889730755962,1721,7.293150684931507,72.64756388806121
PROD_342,Accessories,358.36671463000664,3245,50,0.15,7,2.12038778843252,1540,8.89041095890411,53.755007194501
PROD_343,Electronics,107.75839439577668,2091,50,0.15,12,1.3671302719755338,1453,5.728767123287671,16.1637591593665
PROD_344,Electronics,370.7611200122592,6683,50,0.15,11,3.206516819462613,411,18.30958904109589,55.61416800183888
PROD_345,Electronics,269.62161135874715,4430,50,0.15,14,1.7075727974310613,1522,12.136986301369863,40.44324170381207
PROD_346,Electronics,356.5427468657778,1812,50,0.15,7,2.1142660056191374,490,4.964383561643835,53.48141202986667
PROD_347,Appliances,386.21195570699103,9977,50,0.15,4,1.1876266806921052,142,27.334246575342465,57.93179335604865
PROD_348,Electronics,52.772187998940964,4811,50,0.15,7,3.404100747458557,1694,13.180821917808219,7.915828199841144
PROD_349,Accessories,257.99093861608003,7814,50,0.15,14,3.29976557191493,802,21.40821917808219,38.698640792412
PROD_350,Accessories,466.6870277058977,2883,50,0.15,6,3.2008474901269373,916,7.898630136986301,70.00305415588466
PROD_351,Electronics,167.114674158162,3739,50,0.15,13,1.89833053147566,1497,10.243835616438357,25.0672011237243
PROD_352,Accessories,301.00271780337044,2639,50,0.15,9,1.5204402227978717,191,7.23013698630137,45.150407670505565
PROD_353,Electronics,190.9229359398491,2204,50,0.15,8,2.9126597934106893,1364,6.038356164383561,28.638440390977365
PROD_354,Electronics,232.59130638735883,7424,50,0.15,4,2.4884991523396582,1505,20.339726027397262,34.888695958103824
PROD_355,Accessories,278.81552778969507,862,50,0.15,14,1.5347574007139246,798,2.361643835616438,41.82232916845426
PROD_356,Electronics,278.9717701455989,3104,50,0.15,13,3.057733813149591,1925,8.504109589041096,41.84576552183983
PROD_357,Accessories,108.84792654181555,4786,50,0.15,13,3.973379295463911,1897,13.112328767123287,16.327188981272332
PROD_358,Appliances,345.4400584611183,4238,50,0.15,7,3.241658763226113,1762,11.610958904109589,51.816008769167745
PROD_359,Electronics,53.055374508901835,2969,50,0.15,9,3.2199591600568356,702,8.134246575342466,7.958306176335275
PROD_360,Appliances,78.02413898658999,5295,50,0.15,13,3.850938258791775,750,14.506849315068493,11.703620847988498
PROD_361,Accessories,11.32834071302154,6650,50,0.15,9,1.6088091027247065,1047,18.21917808219178,1.6992511069532308
PROD_362,Appliances,67.18107142942384,1056,50,0.15,7,2.696649894764321,98,2.893150684931507,10.077160714413575
PROD_363,Appliances,241.8514385154272,9517,50,0.15,14,3.9389401451016504,1375,26.073972602739726,36.27771577731408
PROD_364,Accessories,306.9899217173609,3308,50,0.15,11,1.4958823329105235,930,9.063013698630137,46.048488257604134
PROD_365,Appliances,399.2018304835666,5650,50,0.15,6,3.100755878333563,1263,15.479452054794521,59.88027457253499
PROD_366,Appliances,62.28263255558367,8061,50,0.15,13,2.7574304379157057,1209,22.084931506849315,9.34239488333755
PROD_367,Accessories,426.8564554080628,3219,50,0.15,5,2.759437276566121,604,8.819178082191781,64.02846831120942
PROD_368,Appliances,375.5275175188719,7006,50,0.15,6,3.0930118825602255,453,19.194520547945206,56.32912762783078
PROD_369,Accessories,210.17396353859928,4241,50,0.15,7,3.7888507686270527,941,11.61917808219178,31.52609453078989
PROD_370,Appliances,467.13965287897776,4498,50,0.15,8,3.3477458195540137,914,12.323287671232876,70.07094793184666
PROD_371,Accessories,495.55544346412137,2903,50,0.15,5,1.16840831024863,651,7.953424657534247,74.33331651961821
PROD_372,Accessories,110.45088692608626,9280,50,0.15,4,3.5581840596271337,1880,25.424657534246574,16.567633038912938
PROD_373,Appliances,195.8220066322622,794,50,0.15,6,1.6766239897771977,390,2.175342465753425,29.37330099483933
PROD_374,Appliances,463.96021755895845,5843,50,0.15,7,2.130742494209116,1830,16.008219178082193,69.59403263384377
PROD_375,Appliances,363.58230986812583,1636,50,0.15,6,2.3851984408371463,753,4.482191780821918,54.53734648021887
PROD_376,Electronics,33.566375542402966,2564,50,0.15,13,2.442718002259209,367,7.024657534246575,5.034956331360445
PROD_377,Electronics,392.94209605819333,7509,50,0.15,14,2.3055411977660705,667,20.572602739726026,58.941314408729
PROD_378,Electronics,415.69103471697105,5043,50,0.15,5,3.8120598826475933,1436,13.816438356164383,62.35365520754566
PROD_379,Accessories,377.74594313500364,1507,50,0.15,10,3.118057022992074,1895,4.1287671232876715,56.661891470250545
PROD_380,Appliances,401.77319415056263,5945,50,0.15,12,2.893511937870119,431,16.28767123287671,60.26597912258439
PROD_381,Accessories,414.31501157947065,5852,50,0.15,6,1.1495260833488246,282,16.03287671232877,62.147251736920595
PROD_382,Electronics,101.33844352619062,9939,50,0.15,4,3.711739990781124,1850,27.23013698630137,15.200766528928591
PROD_383,Appliances,125.48895557184989,1935,50,0.15,4,3.728170576025189,1417,5.301369863013699,18.823343335777484
PROD_384,Accessories,320.54169622288686,1071,50,0.15,3,3.340639190290307,1622,2.9342465753424656,48.081254433433024
PROD_385,Appliances,454.8544039266328,2882,50,0.15,6,1.0210876114408576,866,7.895890410958904,68.22816058899492
PROD_386,Accessories,164.93632532528235,9937,50,0.15,12,1.17184075323287,602,27.224657534246575,24.740448798792354
PROD_387,Appliances,298.2702711395778,5584,50,0.15,11,1.6756711068054693,1602,15.2986301369863,44.74054067093667
PROD_388,Electronics,344.6612110743949,777,50,0.15,13,1.39404822443472,905,2.128767123287671,51.69918166115923
PROD_389,Electronics,231.45481463652922,7559,50,0.15,9,2.1965080891111883,1862,20.70958904109589,34.718222195479385
PROD_390,Appliances,359.75340287910973,2387,50,0.15,14,3.767869174263369,868,6.53972602739726,53.96301043186646
PROD_391,Accessories,450.83704819316483,1765,50,0.15,12,2.416181302590995,1644,4.835616438356165,67.62555722897473
PROD_392,Electronics,315.80975664910045,7991,50,0.15,9,1.0402078792964968,232,21.893150684931506,47.37146349736506
PROD_393,Electronics,274.4927203381702,1540,50,0.15,9,1.8482370687362861,1114,4.219178082191781,41.17390805072553
PROD_394,Electronics,224.98489094028614,9609,50,0.15,10,1.1337847251188846,1624,26.326027397260273,33.74773364104292
PROD_395,Appliances,292.9682727440016,8573,50,0.15,3,1.1088628678405064,446,23.487671232876714,43.94524091160024
PROD_396,Appliances,184.12760139101397,9577,50,0.15,12,1.8271595592866567,1777,26.23835616438356,27.619140208652095
PROD_397,Accessories,201.82623399873594,3252,50,0.15,12,1.8268370160368361,828,8.90958904109589,30.27393509981039
PROD_398,Accessories,270.61016504720527,8713,50,0.15,10,3.3613798078048123,1567,23.87123287671233,40.59152475708079
PROD_399,Accessories,42.64336507150031,5069,50,0.15,6,3.924503958343336,1732,13.887671232876713,6.396504760725047
PROD_400,Appliances,122.2224415531502,6853,50,0.15,6,2.113621281669995,956,18.775342465753425,18.33336623297253
PROD_401,Appliances,275.9961622005704,2853,50,0.15,6,2.286660636583116,1406,7.816438356164384,41.39942433008556
PROD_402,Accessories,221.44879013685687,7937,50,0.15,8,3.534368308858064,176,21.745205479452054,33.21731852052853
PROD_403,Accessories,173.0797350971173,5299,50,0.15,9,1.8044170602865401,1631,14.517808219178082,25.961960264567594
PROD_404,Appliances,367.96907703655774,1186,50,0.15,8,1.4691454132103439,1630,3.249315068493151,55.19536155548366
PROD_405,Accessories,349.9216276276358,8976,50,0.15,3,3.5592688702109516,50,24.59178082191781,52.48824414414537
PROD_406,Electronics,91.69807239675775,5311,50,0.15,14,1.1395017593201966,1241,14.550684931506849,13.754710859513663
PROD_407,Appliances,440.52826653298473,9454,50,0.15,10,2.859098320598247,1693,25.9013698630137,66.0792399799477
PROD_408,Accessories,252.75757693794316,5846,50,0.15,12,2.68597854240042,68,16.016438356164382,37.91363654069147
PROD_409,Appliances,373.3158464581323,5543,50,0.15,13,2.0377613425050827,1405,15.186301369863013,55.99737696871984
PROD_410,Electronics,290.84391613612047,2928,50,0.15,9,1.945568563292077,633,8.021917808219179,43.62658742041807
PROD_411,Appliances,498.8693818026832,5626,50,0.15,8,3.315573178544864,505,15.413698630136986,74.83040727040247
PROD_412,Appliances,378.6775288190231,8720,50,0.15,8,1.2592738322876396,1006,23.89041095890411,56.801629322853465
PROD_413,Appliances,356.42042600929494,9598,50,0.15,7,1.710352927934156,1182,26.295890410958904,53.46306390139424
PROD_414,Appliances,391.500250134868,8313,50,0.15,8,3.1973461955142692,1341,22.775342465753425,58.725037520230195
PROD_415,Electronics,80.13271291875012,3856,50,0.15,14,2.644961751179273,494,10.564383561643835,12.019906937812516
PROD_416,Appliances,110.226850653037,9207,50,0.15,11,1.3839646256007592,1313,25.224657534246575,16.53402759795555
PROD_417,Appliances,359.8914002895709,7766,50,0.15,12,3.64640684284618,1374,21.276712328767122,53.983710043435636
PROD_418,Accessories,252.0509286941227,7040,50,0.15,11,2.1803435396907744,651,19.28767123287671,37.8076393041184
PROD_419,Appliances,379.77129301145715,538,50,0.15,12,3.4836051259665184,152,1.473972602739726,56.96569395171857
PROD_420,Accessories,60.42885506463106,3842,50,0.15,10,3.363139046583126,1037,10.526027397260274,9.064328259694658
PROD_421,Electronics,272.8758622274514,9578,50,0.15,12,2.873276339415184,1323,26.24109589041096,40.931379334117715
PROD_422,Electronics,195.62256712288868,3344,50,0.15,11,2.483443393885279,1526,9.161643835616438,29.3433850684333
PROD_423,Electronics,233.93010744802237,1598,50,0.15,12,3.9386525211452708,569,4.3780821917808215,35.08951611720335
PROD_424,Electronics,305.93935731553114,7527,50,0.15,10,1.4348952171394511,1226,20.621917808219177,45.89090359732967
PROD_425,Accessories,256.1212902566398,2323,50,0.15,10,3.1754671826533443,908,6.364383561643836,38.41819353849596
PROD_426,Appliances,274.53171218529,3655,50,0.15,3,1.573572104394367,223,10.013698630136986,41.179756827793504
PROD_427,Electronics,248.31516617784783,3593,50,0.15,12,2.014789315997045,1416,9.843835616438357,37.24727492667717
PROD_428,Appliances,210.38803677189168,6158,50,0.15,13,1.9260962301195859,1743,16.87123287671233,31.55820551578375
PROD_429,Accessories,388.2221704931401,4278,50,0.15,7,3.841107963216169,1054,11.72054794520548,58.23332557397101
PROD_430,Accessories,15.979505435841812,3396,50,0.15,6,3.9020685333648255,480,9.304109589041095,2.396925815376272
PROD_431,Accessories,303.2369235905612,1488,50,0.15,4,1.5490463327041815,776,4.076712328767123,45.48553853858418
PROD_432,Electronics,287.0990901882572,4616,50,0.15,10,1.0661054808925126,1762,12.646575342465754,43.06486352823858
PROD_433,Appliances,360.92774661914655,6946,50,0.15,5,3.160024118989339,1760,19.03013698630137,54.13916199287198
PROD_434,Appliances,303.52438874089,4679,50,0.15,6,2.253969801611453,1925,12.819178082191781,45.5286583111335
PROD_435,Appliances,415.1314256264484,2182,50,0.15,14,1.2665207352626933,899,5.978082191780822,62.26971384396725
PROD_436,Accessories,479.94664933637364,6126,50,0.15,9,3.0512623167311275,1731,16.783561643835615,71.99199740045604
PROD_437,Electronics,177.83688601748628,7924,50,0.15,12,2.635316584782099,1397,21.70958904109589,26.67553290262294
PROD_438,Accessories,121.40198168469364,1433,50,0.15,11,3.941550466003318,1039,3.926027397260274,18.210297252704045
PROD_439,Accessories,217.56246258603662,4098,50,0.15,4,1.682228487584137,1746,11.227397260273973,32.634369387905494
PROD_440,Appliances,151.0855120731058,2480,50,0.15,5,2.2119336289796445,688,6.794520547945205,22.66282681096587
PROD_441,Accessories,311.32562894480066,3556,50,0.15,6,2.627637410186269,469,9.742465753424657,46.6988443417201
PROD_442,Appliances,456.8076803330527,9484,50,0.15,12,3.375099965360055,643,25.983561643835618,68.5211520499579
PROD_443,Electronics,78.16693513010031,1291,50,0.15,3,2.646515970160176,534,3.536986301369863,11.725040269515047
PROD_444,Appliances,59.389355477784385,5890,50,0.15,9,2.8387004825858475,1732,16.136986301369863,8.908403321667658
PROD_445,Electronics,135.4476106082945,7135,50,0.15,4,1.6784411547698221,1824,19.54794520547945,20.317141591244173
PROD_446,Appliances,365.78683717057635,2755,50,0.15,7,3.5407561842656796,461,7.5479452054794525,54.86802557558645
PROD_447,Accessories,300.5518235768226,4110,50,0.15,3,2.2858916409114274,985,11.26027397260274,45.08277353652338
PROD_448,Accessories,60.0842054703478,2107,50,0.15,5,1.4228788825653078,1157,5.772602739726027,9.01263082055217
PROD_449,Electronics,460.1877559077658,5679,50,0.15,14,2.992563743516252,1186,15.558904109589042,69.02816338616486
PROD_450,Electronics,397.1414721908025,7073,50,0.15,4,1.6482713595559226,1810,19.378082191780823,59.571220828620376
PROD_451,Electronics,21.28107634594238,1484,50,0.15,3,1.2926875307178993,381,4.065753424657534,3.1921614518913572
PROD_452,Appliances,329.1699333842406,6276,50,0.15,9,3.585960725212817,1451,17.194520547945206,49.37549000763609
PROD_453,Appliances,387.9108675746716,4176,50,0.15,7,2.380486793465319,1828,11.441095890410958,58.18663013620074
PROD_454,Electronics,193.47333116300678,3880,50,0.15,3,3.2478511380873294,704,10.63013698630137,29.020999674451016
PROD_455,Accessories,43.77155428993721,9211,50,0.15,8,1.8717626794190654,90,25.235616438356164,6.565733143490581
PROD_456,Appliances,47.88732208950576,9282,50,0.15,7,3.3609104047529987,1843,25.43013698630137,7.183098313425863
PROD_457,Appliances,61.08101336538665,1550,50,0.15,5,1.335807781064591,1008,4.2465753424657535,9.162152004807998
PROD_458,Appliances,421.8154196704072,4133,50,0.15,14,2.0679201213845584,1870,11.323287671232876,63.27231295056108
PROD_459,Electronics,456.2362371452994,6842,50,0.15,9,3.934185453920586,154,18.745205479452054,68.43543557179491
PROD_460,Electronics,70.17728310440955,1459,50,0.15,13,3.3819691491040182,251,3.9972602739726026,10.526592465661432
PROD_461,Electronics,125.59395695158979,6559,50,0.15,12,2.4917677909440643,499,17.96986301369863,18.839093542738468
PROD_462,Electronics,91.10505007997199,9384,50,0.15,11,2.019332414685655,1892,25.70958904109589,13.665757511995798
PROD_463,Electronics,101.29723095211914,6155,50,0.15,11,3.6164071000674296,1916,16.863013698630137,15.194584642817869
PROD_464,Accessories,420.3704866112211,4973,50,0.15,11,2.634543277253547,1339,13.624657534246575,63.055572991683164
PROD_465,Accessories,172.7517422009201,3446,50,0.15,4,3.2752750536073334,959,9.441095890410958,25.912761330138014
PROD_466,Electronics,162.60768938236419,8225,50,0.15,5,3.262323040948492,259,22.534246575342465,24.391153407354626
PROD_467,Appliances,121.42385422978519,1026,50,0.15,9,1.0538370357054756,612,2.8109589041095893,18.213578134467777
PROD_468,Electronics,307.86825295918675,3724,50,0.15,7,1.3787613483778403,1191,10.202739726027398,46.18023794387801
PROD_469,Accessories,195.85979220891892,2375,50,0.15,4,2.9788880991842266,762,6.506849315068493,29.378968831337836
PROD_470,Accessories,374.68232940321155,2263,50,0.15,5,1.4848594338576144,1450,6.2,56.20234941048173
PROD_471,Appliances,110.73410610406238,9212,50,0.15,12,1.766480033966814,1624,25.23835616438356,16.610115915609356
PROD_472,Accessories,396.01704547010127,6297,50,0.15,8,3.8399138625988214,1613,17.252054794520546,59.40255682051519
PROD_473,Electronics,305.8235505477681,9708,50,0.15,9,2.6805467751247356,820,26.5972602739726,45.87353258216521
PROD_474,Appliances,65.99097702728699,7599,50,0.15,11,3.2521885209980415,1157,20.81917808219178,9.898646554093048
PROD_475,Electronics,213.10724625977755,5609,50,0.15,3,2.6739422163479194,503,15.367123287671232,31.966086938966633
PROD_476,Electronics,433.1238889003489,7144,50,0.15,13,2.6575408443481754,716,19.572602739726026,64.96858333505233
PROD_477,Appliances,462.25051358125756,616,50,0.15,9,1.2824557303770936,678,1.6876712328767123,69.33757703718864
PROD_478,Electronics,238.19305993621848,2933,50,0.15,10,2.030989577827309,1587,8.035616438356165,35.72895899043277
PROD_479,Accessories,245.61011926364603,5963,50,0.15,14,1.8472926960595353,1678,16.336986301369862,36.8415178895469
PROD_480,Electronics,460.0428152202576,1083,50,0.15,5,2.1721850968408396,1751,2.967123287671233,69.00642228303863
PROD_481,Appliances,297.66342982691793,9086,50,0.15,6,3.395032564672985,436,24.893150684931506,44.64951447403769
PROD_482,Appliances,26.09486841928479,4288,50,0.15,12,2.1157980037505943,1985,11.747945205479452,3.914230262892718
PROD_483,Appliances,457.24723681077313,4667,50,0.15,8,2.355090457695048,1423,12.786301369863013,68.58708552161596
PROD_484,Electronics,131.6309569510044,8965,50,0.15,12,2.1921441714559498,345,24.561643835616437,19.74464354265066
PROD_485,Appliances,293.03965750485816,1889,50,0.15,9,1.2802239159258868,307,5.175342465753425,43.95594862572872
PROD_486,Appliances,91.10152553970717,8857,50,0.15,6,2.323216474752351,1154,24.265753424657536,13.665228830956075
PROD_487,Electronics,26.600788520831543,6654,50,0.15,10,1.586827819133545,317,18.23013698630137,3.990118278124731
PROD_488,Accessories,162.62185385505114,5920,50,0.15,7,1.5601698873191245,468,16.21917808219178,24.39327807825767
PROD_489,Electronics,392.44289669758297,9420,50,0.15,3,1.282108313302799,284,25.80821917808219,58.86643450463744
PROD_490,Appliances,146.0177145884149,2543,50,0.15,6,2.070012922425294,1906,6.967123287671233,21.902657188262232
PROD_491,Appliances,117.84763489973756,4697,50,0.15,5,3.2724456543682523,1384,12.868493150684932,17.677145234960634
PROD_492,Electronics,114.21358432720088,3996,50,0.15,11,1.8293250717501883,1886,10.947945205479453,17.132037649080132
PROD_493,Accessories,262.4351043793382,1278,50,0.15,10,1.9370473056565407,1035,3.5013698630136987,39.36526565690073
PROD_494,Appliances,488.01524468455057,713,50,0.15,3,2.928023973017271,1430,1.9534246575342467,73.20228670268258
PROD_495,Appliances,234.9046041283364,4262,50,0.15,13,1.5875224377607566,1286,11.676712328767124,35.235690619250455
PROD_496,Appliances,283.0796307561235,7231,50,0.15,8,3.690873791270603,623,19.81095890410959,42.461944613418524
PROD_497,Electronics,431.70968876645964,3617,50,0.15,11,2.5605715697546634,98,9.90958904109589,64.75645331496894
PROD_498,Appliances,272.1841622774927,6291,50,0.15,9,2.342808820960651,1200,17.235616438356164,40.8276243416239
PROD_499,Accessories,100.38680699523948,9283,50,0.15,6,2.673460575787604,272,25.432876712328767,15.058021049285921
